departurestation,Metric,Sunday,Monday,Tuesday,Wednesday,Thursday,Friday,Saturday
AKL,A0000_1259_to_A0500_0559,0.0,0.0,0.0,0.0,0.0,0.0,0.0
AKL,A0600_0659_to_A1100_1159,0.0,0.0,0.0,0.0,0.0,0.0,0.0
AKL,A1200_1259_to_A1700_1759,0.0,0.0,0.0,0.0,0.0,0.0,0.0
AKL,A1800_1859_to_A2300_2359,20.37,23.08,24.53,19.23,13.46,9.62,21.57
AOR,A0000_1259_to_A0500_0559,0.0,0.0,0.56,0.0,0.0,0.0,0.0
AOR,A0600_0659_to_A1100_1159,17.83,19.05,15.08,22.22,15.17,20.63,13.33
AOR,A1200_1259_to_A1700_1759,1.55,0.0,20.11,0.79,19.66,0.79,24.44
AOR,A1800_1859_to_A2300_2359,42.64,42.86,29.61,43.65,30.34,45.24,25.0
BBI,A0000_1259_to_A0500_0559,0.0,0.0,0.0,0.0,0.0,0.0,0.0
BBI,A0600_0659_to_A1100_1159,5.3,0.81,1.01,4.69,10.78,5.38,7.48
BBI,A1200_1259_to_A1700_1759,6.82,4.07,6.06,5.47,6.86,5.38,7.48
BBI,A1800_1859_to_A2300_2359,25.76,21.95,36.36,27.34,13.73,21.54,17.76
BDO,A0000_1259_to_A0500_0559,0.0,0.0,0.0,0.0,0.0,0.0,0.0
BDO,A0600_0659_to_A1100_1159,19.16,22.93,18.15,21.74,24.52,25.6,20.77
BDO,A1200_1259_to_A1700_1759,9.81,12.68,25.1,12.56,22.99,13.04,21.54
BDO,A1800_1859_to_A2300_2359,18.22,16.1,13.51,15.94,14.18,18.36,14.23
BEY,A0000_1259_to_A0500_0559,100.0,0.0,100.0,0.0,100.0,0.0,0.0
BEY,A0600_0659_to_A1100_1159,0.0,0.0,0.0,0.0,0.0,0.0,0.0
BEY,A1200_1259_to_A1700_1759,0.0,0.0,0.0,0.0,0.0,0.0,0.0
BEY,A1800_1859_to_A2300_2359,0.0,0.0,0.0,0.0,0.0,0.0,0.0
BFV,A0000_1259_to_A0500_0559,0.0,0.0,0.0,0.0,0.0,0.0,0.0
BFV,A0600_0659_to_A1100_1159,0.0,0.0,0.0,0.0,0.0,0.0,0.0
BFV,A1200_1259_to_A1700_1759,45.28,47.17,54.72,48.08,51.92,55.77,57.69
BFV,A1800_1859_to_A2300_2359,0.0,0.0,1.89,0.0,0.0,0.0,0.0
BKI,A0000_1259_to_A0500_0559,0.1,0.15,0.17,0.15,0.0,0.05,0.11
BKI,A0600_0659_to_A1100_1159,11.11,12.35,12.52,12.97,13.53,11.55,12.24
BKI,A1200_1259_to_A1700_1759,21.91,21.84,22.81,22.0,22.74,22.6,22.15
BKI,A1800_1859_to_A2300_2359,20.88,21.73,20.35,21.69,21.35,23.11,20.59
BKK,A0000_1259_to_A0500_0559,0.0,0.0,0.0,0.0,0.0,0.0,0.0
BKK,A0600_0659_to_A1100_1159,0.0,0.0,0.0,0.0,0.0,0.0,0.0
BKK,A1200_1259_to_A1700_1759,0.0,0.0,0.0,0.0,0.0,0.0,0.0
BKK,A1800_1859_to_A2300_2359,0.0,0.0,0.0,0.0,0.0,100.0,0.0
BLR,A0000_1259_to_A0500_0559,1.43,1.0,1.95,0.7,0.59,1.34,1.13
BLR,A0600_0659_to_A1100_1159,6.98,8.36,7.79,9.85,9.21,8.15,12.31
BLR,A1200_1259_to_A1700_1759,11.81,10.17,7.59,16.22,16.04,14.07,15.9
BLR,A1800_1859_to_A2300_2359,16.99,16.98,16.41,16.82,16.53,19.44,10.15
BNE,A0000_1259_to_A0500_0559,0.0,0.0,0.0,0.0,0.0,0.0,0.0
BNE,A0600_0659_to_A1100_1159,0.0,0.0,0.0,0.0,0.0,0.0,0.0
BNE,A1200_1259_to_A1700_1759,0.0,0.0,0.0,0.0,0.0,0.0,0.0
BNE,A1800_1859_to_A2300_2359,0.0,0.0,100.0,50.0,0.0,0.0,100.0
BOM,A0000_1259_to_A0500_0559,0.0,3.33,0.0,3.03,0.0,3.13,3.13
BOM,A0600_0659_to_A1100_1159,0.0,0.0,0.0,0.0,0.0,0.0,0.0
BOM,A1200_1259_to_A1700_1759,0.0,0.0,0.0,0.0,0.0,0.0,0.0
BOM,A1800_1859_to_A2300_2359,90.63,93.33,93.55,90.91,90.63,90.63,93.75
BTJ,A0000_1259_to_A0500_0559,0.0,0.0,0.0,0.0,0.0,0.0,0.0
BTJ,A0600_0659_to_A1100_1159,79.25,76.92,38.78,61.54,33.33,79.25,26.26
BTJ,A1200_1259_to_A1700_1759,0.0,0.0,39.8,1.92,39.39,0.0,29.29
BTJ,A1800_1859_to_A2300_2359,0.0,0.0,0.0,0.0,0.0,0.0,0.0
BTU,A0000_1259_to_A0500_0559,0.0,0.0,0.0,0.0,0.0,0.0,0.0
BTU,A0600_0659_to_A1100_1159,17.76,16.53,18.07,15.94,19.6,19.44,15.2
BTU,A1200_1259_to_A1700_1759,4.25,2.82,3.61,4.78,5.2,3.57,4.0
BTU,A1800_1859_to_A2300_2359,17.37,17.74,16.47,16.33,18.0,17.86,16.8
BWN,A0000_1259_to_A0500_0559,0.0,0.0,0.0,0.0,0.0,0.0,0.0
BWN,A0600_0659_to_A1100_1159,27.88,24.0,21.21,28.57,25.0,26.47,22.55
BWN,A1200_1259_to_A1700_1759,47.12,48.0,43.43,52.04,52.0,46.08,45.1
BWN,A1800_1859_to_A2300_2359,0.0,0.0,0.0,0.0,0.0,0.0,0.0
CAI,A0000_1259_to_A0500_0559,100.0,0.0,0.0,0.0,0.0,0.0,0.0
CAI,A0600_0659_to_A1100_1159,0.0,0.0,0.0,0.0,0.0,0.0,0.0
CAI,A1200_1259_to_A1700_1759,0.0,0.0,0.0,0.0,0.0,0.0,0.0
CAI,A1800_1859_to_A2300_2359,0.0,0.0,0.0,0.0,0.0,0.0,0.0
CAN,A0000_1259_to_A0500_0559,23.86,27.92,25.21,30.64,27.43,27.48,27.61
CAN,A0600_0659_to_A1100_1159,4.83,5.13,3.01,5.49,3.99,5.43,3.48
CAN,A1200_1259_to_A1700_1759,0.0,0.28,0.0,0.0,0.0,0.0,0.0
CAN,A1800_1859_to_A2300_2359,10.19,12.25,11.51,12.14,9.73,12.14,10.45
CCU,A0000_1259_to_A0500_0559,9.84,11.49,10.0,10.37,8.33,12.75,9.28
CCU,A0600_0659_to_A1100_1159,1.97,0.34,3.1,2.68,4.86,2.68,1.37
CCU,A1200_1259_to_A1700_1759,14.75,13.18,15.17,13.38,14.24,16.44,14.78
CCU,A1800_1859_to_A2300_2359,11.15,11.82,12.07,12.37,10.76,12.42,11.68
CEB,A0000_1259_to_A0500_0559,0.61,0.73,0.47,1.08,0.76,0.6,0.3
CEB,A0600_0659_to_A1100_1159,14.07,13.51,14.84,14.0,13.57,13.24,16.24
CEB,A1200_1259_to_A1700_1759,17.1,15.71,18.44,16.62,19.97,17.86,21.16
CEB,A1800_1859_to_A2300_2359,24.36,25.7,27.03,22.62,24.09,27.23,27.27
CEI,A0000_1259_to_A0500_0559,0.0,0.0,0.0,0.0,0.0,0.0,0.0
CEI,A0600_0659_to_A1100_1159,18.15,23.3,19.81,22.33,20.45,22.15,14.94
CEI,A1200_1259_to_A1700_1759,22.93,32.36,26.84,29.77,32.14,32.9,22.73
CEI,A1800_1859_to_A2300_2359,8.6,8.09,8.63,9.39,9.42,10.1,6.82
CGK,A0000_1259_to_A0500_0559,7.07,5.66,6.21,6.88,6.87,6.17,4.41
CGK,A0600_0659_to_A1100_1159,17.24,21.35,19.89,21.3,20.54,20.98,16.99
CGK,A1200_1259_to_A1700_1759,17.95,20.74,20.8,22.04,21.07,21.22,19.56
CGK,A1800_1859_to_A2300_2359,13.91,13.66,12.84,14.86,14.15,16.51,13.42
CGQ,A0000_1259_to_A0500_0559,0.0,0.0,0.0,0.0,0.0,0.0,0.0
CGQ,A0600_0659_to_A1100_1159,0.0,0.0,0.0,0.0,0.0,0.0,0.0
CGQ,A1200_1259_to_A1700_1759,100.0,100.0,0.0,100.0,100.0,100.0,100.0
CGQ,A1800_1859_to_A2300_2359,0.0,0.0,0.0,0.0,0.0,0.0,0.0
CJB,A0000_1259_to_A0500_0559,0.0,0.0,0.0,0.0,0.0,100.0,0.0
CJB,A0600_0659_to_A1100_1159,0.0,0.0,0.0,0.0,50.0,0.0,0.0
CJB,A1200_1259_to_A1700_1759,0.0,0.0,0.0,0.0,0.0,0.0,0.0
CJB,A1800_1859_to_A2300_2359,0.0,0.0,0.0,0.0,50.0,0.0,0.0
CJU,A0000_1259_to_A0500_0559,0.0,0.0,0.0,0.0,0.0,0.0,0.0
CJU,A0600_0659_to_A1100_1159,0.0,0.0,0.0,0.0,0.0,0.0,0.0
CJU,A1200_1259_to_A1700_1759,0.0,100.0,100.0,100.0,0.0,0.0,100.0
CJU,A1800_1859_to_A2300_2359,0.0,0.0,0.0,0.0,0.0,0.0,0.0
CKG,A0000_1259_to_A0500_0559,25.79,0.0,22.44,0.0,25.0,0.0,21.66
CKG,A0600_0659_to_A1100_1159,4.4,8.65,3.21,6.73,7.69,7.69,6.37
CKG,A1200_1259_to_A1700_1759,0.0,0.0,0.0,0.0,0.0,0.0,0.0
CKG,A1800_1859_to_A2300_2359,1.26,7.69,4.49,10.58,6.41,6.73,5.73
CMB,A0000_1259_to_A0500_0559,0.0,0.0,0.0,0.0,0.0,0.0,1.37
CMB,A0600_0659_to_A1100_1159,2.17,4.17,6.85,4.44,8.33,3.26,4.11
CMB,A1200_1259_to_A1700_1759,0.0,0.0,0.0,0.0,0.0,1.09,0.0
CMB,A1800_1859_to_A2300_2359,10.87,13.89,16.44,13.33,11.11,13.04,12.33
CNX,A0000_1259_to_A0500_0559,0.0,0.0,0.0,0.0,0.0,0.06,0.06
CNX,A0600_0659_to_A1100_1159,5.72,7.76,8.06,7.76,7.55,6.92,6.6
CNX,A1200_1259_to_A1700_1759,13.48,16.83,16.68,15.08,16.6,16.47,14.4
CNX,A1800_1859_to_A2300_2359,8.31,9.81,8.93,9.44,10.3,10.29,7.8
COK,A0000_1259_to_A0500_0559,0.95,0.25,0.81,0.95,0.48,0.71,0.95
COK,A0600_0659_to_A1100_1159,8.1,8.09,8.33,9.95,8.23,9.0,7.35
COK,A1200_1259_to_A1700_1759,5.95,5.39,1.34,7.35,7.75,7.58,8.29
COK,A1800_1859_to_A2300_2359,19.05,24.51,18.28,23.22,20.58,23.22,21.33
CRK,A0000_1259_to_A0500_0559,2.22,2.47,8.0,4.76,37.5,0.0,0.0
CRK,A0600_0659_to_A1100_1159,26.67,13.58,0.0,28.57,25.0,16.46,0.0
CRK,A1200_1259_to_A1700_1759,4.44,24.69,32.0,2.38,12.5,30.38,60.0
CRK,A1800_1859_to_A2300_2359,0.0,1.23,4.0,4.76,0.0,0.0,20.0
CSX,A0000_1259_to_A0500_0559,0.0,0.0,0.0,0.0,0.0,0.0,0.0
CSX,A0600_0659_to_A1100_1159,0.0,0.0,0.0,0.0,0.77,0.0,0.0
CSX,A1200_1259_to_A1700_1759,9.23,7.69,6.98,10.9,12.31,9.03,6.45
CSX,A1800_1859_to_A2300_2359,24.62,37.82,31.01,37.82,33.85,40.0,37.42
CTS,A0000_1259_to_A0500_0559,0.0,0.0,0.0,0.0,0.0,0.0,0.0
CTS,A0600_0659_to_A1100_1159,38.1,42.17,14.58,35.96,25.71,40.74,35.29
CTS,A1200_1259_to_A1700_1759,5.95,6.02,12.5,11.24,22.86,4.94,11.76
CTS,A1800_1859_to_A2300_2359,5.95,3.61,8.33,5.62,5.71,7.41,9.8
CTU,A0000_1259_to_A0500_0559,0.0,0.0,0.0,0.0,0.0,1.64,0.0
CTU,A0600_0659_to_A1100_1159,0.0,0.0,0.0,0.0,0.0,0.0,0.0
CTU,A1200_1259_to_A1700_1759,52.83,0.0,0.0,13.11,0.0,0.0,62.26
CTU,A1800_1859_to_A2300_2359,0.0,62.3,63.46,37.7,62.75,59.02,0.0
CXR,A0000_1259_to_A0500_0559,0.0,0.0,0.0,0.0,0.0,0.0,0.0
CXR,A0600_0659_to_A1100_1159,0.0,0.0,0.0,0.0,0.0,0.0,0.0
CXR,A1200_1259_to_A1700_1759,81.25,80.0,68.75,66.67,87.5,81.25,81.25
CXR,A1800_1859_to_A2300_2359,0.0,0.0,0.0,0.0,0.0,0.0,0.0
DAC,A0000_1259_to_A0500_0559,73.58,71.15,67.92,61.54,71.15,82.69,69.23
DAC,A0600_0659_to_A1100_1159,0.0,0.0,0.0,0.0,0.0,0.0,0.0
DAC,A1200_1259_to_A1700_1759,0.0,0.0,0.0,0.0,0.0,0.0,0.0
DAC,A1800_1859_to_A2300_2359,0.0,0.0,0.0,0.0,0.0,0.0,0.0
DAD,A0000_1259_to_A0500_0559,0.0,0.0,0.0,0.0,0.0,0.0,0.0
DAD,A0600_0659_to_A1100_1159,0.0,0.0,0.0,0.0,0.0,0.0,0.0
DAD,A1200_1259_to_A1700_1759,83.33,77.78,74.77,80.25,70.27,81.71,72.32
DAD,A1800_1859_to_A2300_2359,0.0,0.0,0.0,0.0,0.0,0.0,0.0
DEL,A0000_1259_to_A0500_0559,0.78,0.4,1.46,1.07,1.77,1.09,1.0
DEL,A0600_0659_to_A1100_1159,7.71,9.89,10.66,9.26,11.8,9.39,9.43
DEL,A1200_1259_to_A1700_1759,16.08,17.51,18.69,19.46,19.17,19.18,19.71
DEL,A1800_1859_to_A2300_2359,19.35,21.12,16.93,23.62,17.4,24.49,17.29
DMK,A0000_1259_to_A0500_0559,1.04,1.03,1.23,1.16,0.99,1.1,1.12
DMK,A0600_0659_to_A1100_1159,18.91,21.63,21.3,20.4,20.31,19.56,18.94
DMK,A1200_1259_to_A1700_1759,21.52,24.83,24.76,24.14,24.41,24.69,23.05
DMK,A1800_1859_to_A2300_2359,11.49,13.11,12.05,13.34,13.53,14.33,10.1
DPS,A0000_1259_to_A0500_0559,2.6,0.86,1.74,0.97,2.86,1.22,2.38
DPS,A0600_0659_to_A1100_1159,14.77,16.94,15.43,17.09,14.86,16.78,14.16
DPS,A1200_1259_to_A1700_1759,22.13,25.51,26.36,22.87,24.79,24.28,24.58
DPS,A1800_1859_to_A2300_2359,19.41,20.53,18.31,19.56,19.01,20.05,19.05
DRW,A0000_1259_to_A0500_0559,0.0,0.0,0.0,0.0,0.0,0.0,0.0
DRW,A0600_0659_to_A1100_1159,3.85,0.0,2.63,0.0,12.82,0.0,7.69
DRW,A1200_1259_to_A1700_1759,0.0,0.0,0.0,0.0,0.0,0.0,0.0
DRW,A1800_1859_to_A2300_2359,23.08,75.0,0.0,92.31,0.0,100.0,0.0
DSN,A0000_1259_to_A0500_0559,0.0,0.0,0.0,0.0,0.0,0.0,0.0
DSN,A0600_0659_to_A1100_1159,0.0,0.0,0.0,0.0,0.0,0.0,0.0
DSN,A1200_1259_to_A1700_1759,0.0,0.0,0.0,0.0,0.0,0.0,0.0
DSN,A1800_1859_to_A2300_2359,0.0,50.0,0.0,0.0,0.0,0.0,0.0
DVO,A0000_1259_to_A0500_0559,0.0,0.0,0.0,0.0,0.0,0.0,0.0
DVO,A0600_0659_to_A1100_1159,15.03,16.61,14.43,17.63,16.5,17.85,15.53
DVO,A1200_1259_to_A1700_1759,4.58,3.39,4.59,4.41,4.29,4.38,8.09
DVO,A1800_1859_to_A2300_2359,30.07,31.53,33.11,27.8,25.41,33.0,30.42
DWC,A0000_1259_to_A0500_0559,0.0,0.0,0.0,0.0,0.0,0.0,50.0
DWC,A0600_0659_to_A1100_1159,0.0,0.0,0.0,0.0,0.0,0.0,0.0
DWC,A1200_1259_to_A1700_1759,0.0,0.0,0.0,0.0,0.0,0.0,0.0
DWC,A1800_1859_to_A2300_2359,0.0,0.0,0.0,0.0,50.0,0.0,0.0
GAU,A0000_1259_to_A0500_0559,0.0,0.0,0.0,0.0,0.0,0.0,0.0
GAU,A0600_0659_to_A1100_1159,20.08,25.68,22.87,22.09,21.79,19.46,20.54
GAU,A1200_1259_to_A1700_1759,10.98,14.01,13.95,13.18,12.06,13.62,12.79
GAU,A1800_1859_to_A2300_2359,5.68,8.56,8.91,10.08,10.12,10.51,7.36
GAY,A0000_1259_to_A0500_0559,0.0,0.0,0.0,0.0,0.0,0.0,0.0
GAY,A0600_0659_to_A1100_1159,100.0,0.0,0.0,100.0,0.0,0.0,100.0
GAY,A1200_1259_to_A1700_1759,0.0,0.0,0.0,0.0,0.0,0.0,0.0
GAY,A1800_1859_to_A2300_2359,0.0,0.0,0.0,0.0,0.0,0.0,0.0
GES,A0000_1259_to_A0500_0559,0.0,0.0,0.0,0.0,0.0,0.0,0.0
GES,A0600_0659_to_A1100_1159,0.0,0.0,0.0,0.0,0.0,0.0,100.0
GES,A1200_1259_to_A1700_1759,0.0,100.0,0.0,0.0,0.0,0.0,0.0
GES,A1800_1859_to_A2300_2359,0.0,0.0,0.0,0.0,0.0,0.0,0.0
GMP,A0000_1259_to_A0500_0559,0.0,0.0,0.0,0.0,0.0,0.0,0.0
GMP,A0600_0659_to_A1100_1159,0.0,0.0,0.0,0.0,0.0,0.0,0.0
GMP,A1200_1259_to_A1700_1759,0.0,0.0,0.0,0.0,0.0,0.0,100.0
GMP,A1800_1859_to_A2300_2359,0.0,0.0,0.0,0.0,0.0,0.0,0.0
GOI,A0000_1259_to_A0500_0559,0.21,0.22,0.0,0.22,0.43,0.43,0.22
GOI,A0600_0659_to_A1100_1159,6.62,3.27,4.86,5.46,6.07,5.65,7.69
GOI,A1200_1259_to_A1700_1759,14.74,17.86,10.6,18.12,18.66,17.39,16.04
GOI,A1800_1859_to_A2300_2359,12.39,16.12,14.79,15.94,16.05,16.52,12.53
GYD,A0000_1259_to_A0500_0559,0.0,0.0,0.0,100.0,0.0,0.0,0.0
GYD,A0600_0659_to_A1100_1159,0.0,0.0,0.0,0.0,0.0,0.0,0.0
GYD,A1200_1259_to_A1700_1759,0.0,0.0,0.0,0.0,0.0,0.0,0.0
GYD,A1800_1859_to_A2300_2359,0.0,0.0,0.0,0.0,0.0,0.0,0.0
HAN,A0000_1259_to_A0500_0559,0.0,0.0,0.0,0.0,0.0,0.0,0.0
HAN,A0600_0659_to_A1100_1159,38.86,32.45,40.96,35.64,46.99,31.22,39.76
HAN,A1200_1259_to_A1700_1759,14.51,14.36,6.02,14.89,5.42,16.4,5.42
HAN,A1800_1859_to_A2300_2359,26.42,25.53,28.31,26.6,30.12,25.4,28.31
HDY,A0000_1259_to_A0500_0559,0.0,0.0,0.0,0.0,0.0,0.0,0.26
HDY,A0600_0659_to_A1100_1159,13.7,14.72,16.86,14.95,15.72,14.95,14.67
HDY,A1200_1259_to_A1700_1759,12.84,15.72,16.86,16.33,18.81,19.35,14.67
HDY,A1800_1859_to_A2300_2359,9.75,11.32,10.94,11.43,12.24,11.56,10.42
HET,A0000_1259_to_A0500_0559,0.0,0.0,0.0,0.0,0.0,0.0,0.0
HET,A0600_0659_to_A1100_1159,0.0,0.0,0.0,0.0,0.0,0.0,0.0
HET,A1200_1259_to_A1700_1759,0.0,0.0,100.0,100.0,0.0,0.0,0.0
HET,A1800_1859_to_A2300_2359,0.0,0.0,0.0,0.0,0.0,0.0,0.0
HGH,A0000_1259_to_A0500_0559,0.0,0.37,0.0,0.0,0.46,0.0,0.0
HGH,A0600_0659_to_A1100_1159,0.43,0.0,3.24,0.36,0.46,0.0,0.37
HGH,A1200_1259_to_A1700_1759,13.3,26.2,11.15,24.91,17.35,21.32,11.94
HGH,A1800_1859_to_A2300_2359,39.91,33.58,42.81,35.23,34.7,42.34,45.15
HKG,A0000_1259_to_A0500_0559,0.16,0.0,0.0,0.16,0.0,0.0,0.0
HKG,A0600_0659_to_A1100_1159,20.66,19.23,18.31,18.01,19.97,22.08,21.15
HKG,A1200_1259_to_A1700_1759,9.7,9.78,8.6,10.29,9.58,10.24,9.13
HKG,A1800_1859_to_A2300_2359,41.16,41.03,41.4,41.0,43.13,43.2,44.23
HKT,A0000_1259_to_A0500_0559,0.06,0.0,0.0,0.12,0.06,0.06,0.19
HKT,A0600_0659_to_A1100_1159,9.94,12.81,11.2,10.37,12.68,11.31,10.69
HKT,A1200_1259_to_A1700_1759,19.03,22.36,20.98,20.31,22.79,22.06,21.19
HKT,A1800_1859_to_A2300_2359,16.36,15.7,16.28,17.76,16.33,20.2,13.0
HND,A0000_1259_to_A0500_0559,0.0,0.0,0.0,0.0,0.0,0.0,0.0
HND,A0600_0659_to_A1100_1159,0.0,0.0,1.89,0.0,0.0,0.0,0.0
HND,A1200_1259_to_A1700_1759,0.0,0.0,0.0,0.0,0.0,0.0,0.0
HND,A1800_1859_to_A2300_2359,47.17,40.38,45.28,42.31,44.23,48.08,40.38
HNL,A0000_1259_to_A0500_0559,0.0,0.0,0.0,0.0,0.0,0.0,0.0
HNL,A0600_0659_to_A1100_1159,0.0,0.0,0.0,0.0,0.0,0.0,0.0
HNL,A1200_1259_to_A1700_1759,25.93,0.0,23.08,0.0,33.33,0.0,29.63
HNL,A1800_1859_to_A2300_2359,0.0,0.0,0.0,0.0,0.0,0.0,0.0
HRB,A0000_1259_to_A0500_0559,0.0,0.0,0.0,0.0,0.0,0.0,0.0
HRB,A0600_0659_to_A1100_1159,0.0,0.0,0.0,0.0,0.0,0.0,0.0
HRB,A1200_1259_to_A1700_1759,100.0,100.0,0.0,100.0,100.0,50.0,100.0
HRB,A1800_1859_to_A2300_2359,0.0,0.0,0.0,0.0,0.0,0.0,0.0
HSR,A0000_1259_to_A0500_0559,0.0,0.0,0.0,0.0,0.0,0.0,0.0
HSR,A0600_0659_to_A1100_1159,0.0,0.0,0.0,0.0,0.0,0.0,100.0
HSR,A1200_1259_to_A1700_1759,0.0,0.0,0.0,0.0,0.0,0.0,0.0
HSR,A1800_1859_to_A2300_2359,0.0,0.0,0.0,0.0,0.0,0.0,0.0
HYD,A0000_1259_to_A0500_0559,0.0,0.0,0.79,0.0,0.0,0.25,0.0
HYD,A0600_0659_to_A1100_1159,5.28,4.92,7.09,5.94,8.25,7.38,8.64
HYD,A1200_1259_to_A1700_1759,9.55,7.51,6.82,9.3,7.99,8.14,8.4
HYD,A1800_1859_to_A2300_2359,20.6,25.65,21.52,27.91,27.32,29.01,28.64
ICN,A0000_1259_to_A0500_0559,2.49,1.86,3.02,4.66,2.8,3.74,2.99
ICN,A0600_0659_to_A1100_1159,24.26,22.51,23.67,23.31,24.71,24.53,23.45
ICN,A1200_1259_to_A1700_1759,30.84,29.93,26.68,27.74,28.44,29.21,30.11
ICN,A1800_1859_to_A2300_2359,5.67,9.51,6.5,7.69,6.99,8.88,8.97
IKA,A0000_1259_to_A0500_0559,73.58,0.0,73.08,64.58,76.92,0.0,0.0
IKA,A0600_0659_to_A1100_1159,0.0,0.0,0.0,0.0,0.0,0.0,0.0
IKA,A1200_1259_to_A1700_1759,0.0,0.0,0.0,0.0,0.0,0.0,0.0
IKA,A1800_1859_to_A2300_2359,0.0,0.0,0.0,0.0,0.0,0.0,0.0
ILO,A0000_1259_to_A0500_0559,17.5,10.26,7.69,2.56,10.26,8.11,13.51
ILO,A0600_0659_to_A1100_1159,0.0,0.0,0.0,0.0,0.0,0.0,0.0
ILO,A1200_1259_to_A1700_1759,25.0,25.64,28.21,30.77,28.21,29.73,27.03
ILO,A1800_1859_to_A2300_2359,25.0,30.77,28.21,28.21,28.21,24.32,21.62
IMF,A0000_1259_to_A0500_0559,0.0,0.0,0.0,0.0,0.0,0.0,0.0
IMF,A0600_0659_to_A1100_1159,37.74,50.0,40.38,48.08,46.15,40.38,44.23
IMF,A1200_1259_to_A1700_1759,0.0,0.0,0.0,0.0,0.0,0.0,0.0
IMF,A1800_1859_to_A2300_2359,0.0,0.0,0.0,0.0,0.0,0.0,0.0
IXB,A0000_1259_to_A0500_0559,0.0,0.0,0.0,0.0,0.0,0.0,0.0
IXB,A0600_0659_to_A1100_1159,0.0,0.0,1.52,0.0,0.0,0.0,0.0
IXB,A1200_1259_to_A1700_1759,52.94,53.03,39.39,47.76,56.06,65.67,62.69
IXB,A1800_1859_to_A2300_2359,1.47,1.52,0.0,5.97,3.03,1.49,2.99
IXC,A0000_1259_to_A0500_0559,0.0,0.0,0.0,0.0,0.0,0.0,0.0
IXC,A0600_0659_to_A1100_1159,0.0,0.0,0.0,0.0,0.0,0.0,0.0
IXC,A1200_1259_to_A1700_1759,44.44,51.92,48.08,46.15,48.08,46.15,65.38
IXC,A1800_1859_to_A2300_2359,0.0,0.0,0.0,0.0,0.0,0.0,0.0
IXR,A0000_1259_to_A0500_0559,0.0,0.0,0.0,0.0,0.0,0.0,0.0
IXR,A0600_0659_to_A1100_1159,13.02,12.5,14.13,16.57,10.93,16.76,10.47
IXR,A1200_1259_to_A1700_1759,31.77,28.8,32.61,30.39,31.69,32.43,26.7
IXR,A1800_1859_to_A2300_2359,20.31,18.48,20.65,19.89,18.58,20.54,19.37
JAI,A0000_1259_to_A0500_0559,9.63,6.06,5.73,6.33,0.0,9.34,0.0
JAI,A0600_0659_to_A1100_1159,6.95,8.48,9.55,13.29,11.11,12.64,16.91
JAI,A1200_1259_to_A1700_1759,11.23,20.61,15.29,21.52,17.36,13.19,0.74
JAI,A1800_1859_to_A2300_2359,1.6,4.24,2.55,6.96,4.17,4.4,27.94
JED,A0000_1259_to_A0500_0559,0.0,25.0,10.0,13.33,0.0,0.0,0.0
JED,A0600_0659_to_A1100_1159,100.0,68.75,86.67,73.33,96.97,0.0,91.67
JED,A1200_1259_to_A1700_1759,0.0,0.0,0.0,0.0,0.0,0.0,0.0
JED,A1800_1859_to_A2300_2359,0.0,0.0,0.0,0.0,0.0,0.0,0.0
JHB,A0000_1259_to_A0500_0559,0.09,0.0,0.0,0.0,0.0,0.0,0.0
JHB,A0600_0659_to_A1100_1159,12.69,12.26,11.65,14.11,10.83,12.85,10.86
JHB,A1200_1259_to_A1700_1759,6.62,7.68,12.07,7.1,14.77,8.76,12.44
JHB,A1800_1859_to_A2300_2359,10.91,12.56,15.62,13.33,16.41,14.34,14.84
JOG,A0000_1259_to_A0500_0559,0.0,0.0,0.0,0.0,0.0,0.0,0.0
JOG,A0600_0659_to_A1100_1159,29.14,40.04,42.26,41.12,42.45,42.22,36.41
JOG,A1200_1259_to_A1700_1759,27.87,29.24,30.94,30.65,30.94,31.11,25.69
JOG,A1800_1859_to_A2300_2359,7.47,8.38,6.79,7.48,7.36,7.59,7.76
KBR,A0000_1259_to_A0500_0559,0.0,0.0,0.0,0.0,0.0,0.27,0.0
KBR,A0600_0659_to_A1100_1159,13.16,11.65,8.66,10.33,8.64,14.56,8.87
KBR,A1200_1259_to_A1700_1759,36.84,35.77,32.86,36.41,33.51,37.09,33.16
KBR,A1800_1859_to_A2300_2359,24.74,24.12,26.5,21.47,30.16,22.8,28.55
KBV,A0000_1259_to_A0500_0559,0.73,0.89,0.3,0.74,0.74,0.45,0.45
KBV,A0600_0659_to_A1100_1159,9.96,12.04,12.41,11.72,10.67,10.63,9.09
KBV,A1200_1259_to_A1700_1759,14.64,18.87,18.09,16.32,19.11,18.71,16.69
KBV,A1800_1859_to_A2300_2359,7.76,7.73,9.12,8.16,9.04,8.23,6.41
KCH,A0000_1259_to_A0500_0559,0.0,0.0,0.0,0.0,0.0,0.0,0.0
KCH,A0600_0659_to_A1100_1159,7.38,8.56,8.14,7.74,8.95,8.35,8.43
KCH,A1200_1259_to_A1700_1759,12.78,15.05,15.34,16.07,15.48,14.52,13.85
KCH,A1800_1859_to_A2300_2359,12.48,10.96,13.79,10.54,14.25,14.33,12.68
KHH,A0000_1259_to_A0500_0559,0.0,0.0,0.0,0.0,0.0,0.0,0.0
KHH,A0600_0659_to_A1100_1159,0.0,0.0,0.0,0.0,0.0,0.0,0.0
KHH,A1200_1259_to_A1700_1759,48.48,59.38,38.46,46.88,32.69,48.48,47.06
KHH,A1800_1859_to_A2300_2359,0.0,0.0,0.0,0.0,0.0,0.0,0.0
KHN,A0000_1259_to_A0500_0559,0.0,0.0,0.0,0.0,0.0,0.0,0.0
KHN,A0600_0659_to_A1100_1159,0.0,0.0,0.0,0.0,0.0,0.0,0.0
KHN,A1200_1259_to_A1700_1759,0.0,61.54,67.31,0.0,71.15,0.0,59.62
KHN,A1800_1859_to_A2300_2359,0.0,0.0,0.0,0.0,0.0,0.0,0.0
KIX,A0000_1259_to_A0500_0559,2.34,2.21,1.49,2.35,2.21,0.62,0.61
KIX,A0600_0659_to_A1100_1159,11.11,14.71,29.1,8.82,28.68,10.56,22.56
KIX,A1200_1259_to_A1700_1759,15.2,17.65,0.75,15.88,0.0,11.8,0.61
KIX,A1800_1859_to_A2300_2359,4.68,17.65,5.22,13.53,3.68,13.66,14.63
KKC,A0000_1259_to_A0500_0559,0.0,0.0,0.0,0.0,0.0,0.0,0.0
KKC,A0600_0659_to_A1100_1159,13.45,16.29,12.82,13.68,15.38,15.34,13.96
KKC,A1200_1259_to_A1700_1759,11.48,16.0,15.1,13.39,14.25,16.48,13.96
KKC,A1800_1859_to_A2300_2359,19.33,22.0,21.65,22.79,21.94,21.88,19.37
KLO,A0000_1259_to_A0500_0559,7.39,6.86,9.91,8.02,6.92,9.77,8.44
KLO,A0600_0659_to_A1100_1159,18.04,13.14,13.22,17.82,12.75,14.97,12.66
KLO,A1200_1259_to_A1700_1759,19.57,21.37,25.91,19.82,20.22,21.41,24.04
KLO,A1800_1859_to_A2300_2359,20.22,14.31,15.65,17.37,13.84,16.84,14.5
KMG,A0000_1259_to_A0500_0559,0.0,0.95,0.0,0.0,0.94,0.94,0.0
KMG,A0600_0659_to_A1100_1159,0.0,0.0,0.0,0.0,0.0,0.0,0.0
KMG,A1200_1259_to_A1700_1759,31.48,18.1,23.58,15.09,20.75,24.53,16.98
KMG,A1800_1859_to_A2300_2359,0.0,0.0,0.0,0.0,0.0,0.0,0.0
KNO,A0000_1259_to_A0500_0559,2.31,1.85,1.77,1.7,0.81,0.84,0.64
KNO,A0600_0659_to_A1100_1159,12.03,14.14,12.58,13.58,13.25,14.0,11.18
KNO,A1200_1259_to_A1700_1759,25.7,26.26,28.23,26.83,30.86,28.84,27.32
KNO,A1800_1859_to_A2300_2359,14.83,13.97,13.55,14.26,14.7,16.69,12.94
KOP,A0000_1259_to_A0500_0559,0.0,0.0,0.0,0.0,0.0,0.0,0.0
KOP,A0600_0659_to_A1100_1159,32.14,35.45,33.94,36.7,35.78,38.18,30.0
KOP,A1200_1259_to_A1700_1759,17.86,30.0,33.94,33.03,33.94,30.0,20.91
KOP,A1800_1859_to_A2300_2359,1.79,0.0,0.92,1.83,0.0,0.91,0.0
KOS,A0000_1259_to_A0500_0559,0.0,0.0,0.0,0.0,0.0,0.0,0.0
KOS,A0600_0659_to_A1100_1159,0.0,0.0,0.0,0.0,0.0,0.0,0.0
KOS,A1200_1259_to_A1700_1759,42.86,45.0,0.0,52.38,0.0,57.14,0.0
KOS,A1800_1859_to_A2300_2359,0.0,0.0,0.0,0.0,0.0,0.0,0.0
KRW,A0000_1259_to_A0500_0559,0.0,0.0,0.0,0.0,0.0,0.0,16.67
KRW,A0600_0659_to_A1100_1159,0.0,0.0,0.0,0.0,0.0,0.0,0.0
KRW,A1200_1259_to_A1700_1759,0.0,0.0,0.0,0.0,0.0,0.0,0.0
KRW,A1800_1859_to_A2300_2359,0.0,0.0,0.0,0.0,0.0,0.0,0.0
KTM,A0000_1259_to_A0500_0559,0.0,0.0,0.0,0.0,0.0,0.0,0.0
KTM,A0600_0659_to_A1100_1159,0.0,0.0,0.0,0.0,0.0,0.0,0.0
KTM,A1200_1259_to_A1700_1759,62.96,0.0,66.04,0.0,69.81,67.31,100.0
KTM,A1800_1859_to_A2300_2359,0.0,0.0,0.0,0.0,0.0,0.0,0.0
KUL,A0000_1259_to_A0500_0559,1.25,1.14,1.31,1.34,1.2,1.23,1.17
KUL,A0600_0659_to_A1100_1159,20.52,21.33,20.42,21.15,20.5,21.12,20.76
KUL,A1200_1259_to_A1700_1759,23.76,25.66,25.03,25.37,25.49,25.46,24.63
KUL,A1800_1859_to_A2300_2359,19.62,18.7,18.93,18.77,19.62,20.22,17.62
KWL,A0000_1259_to_A0500_0559,0.0,0.0,0.0,0.0,0.0,0.0,0.0
KWL,A0600_0659_to_A1100_1159,0.0,7.69,9.62,0.0,5.77,0.0,15.38
KWL,A1200_1259_to_A1700_1759,0.0,0.0,0.0,0.0,0.0,0.0,0.0
KWL,A1800_1859_to_A2300_2359,0.0,0.0,0.0,0.0,0.0,0.0,0.0
LBU,A0000_1259_to_A0500_0559,0.0,0.0,0.0,0.0,0.0,0.0,0.0
LBU,A0600_0659_to_A1100_1159,1.69,0.0,36.36,3.57,51.79,1.64,29.82
LBU,A1200_1259_to_A1700_1759,3.39,3.51,0.0,1.79,0.0,4.92,1.75
LBU,A1800_1859_to_A2300_2359,72.88,75.44,0.0,76.79,0.0,73.77,0.0
LGK,A0000_1259_to_A0500_0559,1.94,0.0,0.26,0.0,0.51,0.0,0.26
LGK,A0600_0659_to_A1100_1159,10.71,12.68,10.97,10.89,8.71,10.55,10.6
LGK,A1200_1259_to_A1700_1759,26.99,32.7,31.63,30.86,34.85,34.12,34.87
LGK,A1800_1859_to_A2300_2359,14.46,14.22,10.33,15.67,11.11,16.47,12.64
LHW,A0000_1259_to_A0500_0559,0.0,0.0,0.0,0.0,0.0,0.0,66.67
LHW,A0600_0659_to_A1100_1159,0.0,0.0,0.0,0.0,0.0,0.0,0.0
LHW,A1200_1259_to_A1700_1759,0.0,0.0,0.0,0.0,0.0,0.0,0.0
LHW,A1800_1859_to_A2300_2359,0.0,0.0,0.0,0.0,0.0,0.0,0.0
LKO,A0000_1259_to_A0500_0559,0.0,0.0,0.0,0.0,0.0,0.0,0.0
LKO,A0600_0659_to_A1100_1159,0.0,0.0,0.0,0.0,0.0,0.0,0.0
LKO,A1200_1259_to_A1700_1759,0.0,0.0,0.0,0.0,0.0,0.0,0.0
LKO,A1800_1859_to_A2300_2359,0.0,0.0,0.0,0.0,0.0,0.0,100.0
LOE,A0000_1259_to_A0500_0559,0.0,0.0,0.0,0.0,0.0,0.0,0.0
LOE,A0600_0659_to_A1100_1159,29.41,31.33,32.53,28.05,32.93,32.93,30.12
LOE,A1200_1259_to_A1700_1759,14.12,25.3,22.89,25.61,26.83,21.95,21.69
LOE,A1800_1859_to_A2300_2359,2.35,2.41,3.61,2.44,1.22,1.22,2.41
LOP,A0000_1259_to_A0500_0559,0.0,0.0,0.0,0.0,0.0,0.0,0.0
LOP,A0600_0659_to_A1100_1159,0.0,0.76,1.5,0.0,0.0,0.0,0.0
LOP,A1200_1259_to_A1700_1759,36.57,34.09,39.1,38.64,39.1,34.59,33.33
LOP,A1800_1859_to_A2300_2359,36.57,36.36,33.83,33.33,32.33,36.09,32.58
LPQ,A0000_1259_to_A0500_0559,0.0,0.0,0.0,0.0,0.0,0.0,0.0
LPQ,A0600_0659_to_A1100_1159,12.26,5.77,0.0,11.54,0.0,10.58,0.0
LPQ,A1200_1259_to_A1700_1759,37.74,32.69,30.77,37.5,38.46,41.35,21.15
LPQ,A1800_1859_to_A2300_2359,0.0,0.0,0.0,0.0,0.0,0.0,1.92
MAA,A0000_1259_to_A0500_0559,0.0,0.0,0.94,0.0,0.0,1.25,0.0
MAA,A0600_0659_to_A1100_1159,13.84,10.83,18.87,12.66,11.54,17.5,17.31
MAA,A1200_1259_to_A1700_1759,0.0,0.64,0.0,0.0,0.64,1.25,0.0
MAA,A1800_1859_to_A2300_2359,32.7,33.76,27.36,43.67,34.62,38.75,26.92
MCT,A0000_1259_to_A0500_0559,0.0,0.0,0.0,0.0,0.0,0.0,0.0
MCT,A0600_0659_to_A1100_1159,0.0,0.0,0.0,0.0,0.0,0.0,0.0
MCT,A1200_1259_to_A1700_1759,0.0,0.0,0.0,0.0,0.0,0.0,0.0
MCT,A1800_1859_to_A2300_2359,0.0,0.0,0.0,0.0,100.0,0.0,100.0
MDL,A0000_1259_to_A0500_0559,0.0,0.0,0.0,0.0,0.0,0.0,0.0
MDL,A0600_0659_to_A1100_1159,0.0,0.0,0.0,0.0,0.0,0.0,0.0
MDL,A1200_1259_to_A1700_1759,19.54,29.07,32.93,36.47,31.71,40.0,25.93
MDL,A1800_1859_to_A2300_2359,1.15,2.33,0.0,2.35,2.44,1.18,0.0
MED,A0000_1259_to_A0500_0559,4.17,0.0,0.0,0.0,37.5,0.0,10.71
MED,A0600_0659_to_A1100_1159,12.5,0.0,33.33,36.36,0.0,0.0,0.0
MED,A1200_1259_to_A1700_1759,0.0,0.0,0.0,0.0,0.0,0.0,0.0
MED,A1800_1859_to_A2300_2359,20.83,70.37,33.33,27.27,25.0,0.0,60.71
MEL,A0000_1259_to_A0500_0559,7.48,6.73,6.73,8.65,5.56,9.26,3.7
MEL,A0600_0659_to_A1100_1159,42.06,34.62,30.77,35.58,34.26,39.81,38.89
MEL,A1200_1259_to_A1700_1759,0.0,0.0,0.0,0.0,0.0,0.0,0.0
MEL,A1800_1859_to_A2300_2359,0.0,0.0,0.0,0.0,0.0,0.0,0.0
MFM,A0000_1259_to_A0500_0559,0.0,0.0,0.0,0.75,0.0,0.0,0.0
MFM,A0600_0659_to_A1100_1159,20.05,18.18,18.14,18.41,18.85,20.98,21.95
MFM,A1200_1259_to_A1700_1759,18.05,19.14,18.36,16.42,18.63,20.98,15.96
MFM,A1800_1859_to_A2300_2359,32.83,34.93,34.29,32.09,37.92,31.06,36.14
MLE,A0000_1259_to_A0500_0559,0.0,0.0,0.0,0.0,0.0,0.0,0.0
MLE,A0600_0659_to_A1100_1159,0.0,0.0,1.37,0.0,0.0,0.0,0.0
MLE,A1200_1259_to_A1700_1759,20.63,11.86,13.7,18.33,18.06,9.23,18.67
MLE,A1800_1859_to_A2300_2359,49.21,45.76,26.03,50.0,50.0,47.69,40.0
MNL,A0000_1259_to_A0500_0559,2.25,1.9,2.19,2.01,1.99,2.1,2.15
MNL,A0600_0659_to_A1100_1159,21.06,20.89,22.62,21.22,20.99,22.03,23.46
MNL,A1200_1259_to_A1700_1759,25.97,26.65,26.91,27.35,24.87,26.39,26.7
MNL,A1800_1859_to_A2300_2359,14.37,13.17,14.89,12.3,13.38,13.93,12.62
MPH,A0000_1259_to_A0500_0559,0.0,0.0,0.0,0.0,0.0,0.0,0.0
MPH,A0600_0659_to_A1100_1159,0.93,1.83,1.96,0.95,0.93,2.63,0.9
MPH,A1200_1259_to_A1700_1759,61.11,76.15,83.33,74.29,78.7,77.19,81.98
MPH,A1800_1859_to_A2300_2359,0.0,0.0,0.0,0.0,0.0,0.0,0.0
MRU,A0000_1259_to_A0500_0559,46.15,0.0,84.62,0.0,0.0,30.77,0.0
MRU,A0600_0659_to_A1100_1159,0.0,0.0,0.0,0.0,0.0,0.0,0.0
MRU,A1200_1259_to_A1700_1759,0.0,0.0,0.0,0.0,0.0,0.0,0.0
MRU,A1800_1859_to_A2300_2359,0.0,0.0,0.0,0.0,0.0,0.0,0.0
MYY,A0000_1259_to_A0500_0559,0.0,0.0,0.0,0.0,0.0,0.0,0.0
MYY,A0600_0659_to_A1100_1159,15.46,15.89,16.56,18.2,14.81,15.67,14.08
MYY,A1200_1259_to_A1700_1759,17.22,17.92,14.72,21.6,15.42,19.64,12.65
MYY,A1800_1859_to_A2300_2359,20.94,22.0,32.11,23.0,30.43,24.21,28.98
NAW,A0000_1259_to_A0500_0559,0.0,0.0,0.0,0.0,0.0,0.0,0.0
NAW,A0600_0659_to_A1100_1159,0.0,0.0,0.0,0.0,0.0,0.0,0.0
NAW,A1200_1259_to_A1700_1759,26.42,53.85,59.62,51.92,53.85,51.92,34.62
NAW,A1800_1859_to_A2300_2359,0.0,0.0,0.0,0.0,0.0,0.0,0.0
NGB,A0000_1259_to_A0500_0559,0.0,0.0,0.0,0.0,0.0,0.0,0.0
NGB,A0600_0659_to_A1100_1159,80.0,0.0,0.0,0.0,0.0,0.0,0.0
NGB,A1200_1259_to_A1700_1759,0.0,0.0,0.0,0.0,0.0,0.0,0.0
NGB,A1800_1859_to_A2300_2359,0.0,57.14,48.98,0.0,46.0,0.0,42.0
NGO,A0000_1259_to_A0500_0559,2.78,0.0,0.0,0.0,0.0,0.0,0.0
NGO,A0600_0659_to_A1100_1159,36.11,22.58,15.38,16.67,25.71,33.33,26.32
NGO,A1200_1259_to_A1700_1759,27.78,22.58,23.08,33.33,40.0,16.67,18.42
NGO,A1800_1859_to_A2300_2359,0.0,0.0,0.0,0.0,0.0,3.33,5.26
NKG,A0000_1259_to_A0500_0559,0.0,0.0,0.0,0.0,0.0,0.0,0.0
NKG,A0600_0659_to_A1100_1159,0.0,0.0,0.0,0.0,0.0,0.0,0.0
NKG,A1200_1259_to_A1700_1759,0.0,0.0,100.0,0.0,0.0,0.0,0.0
NKG,A1800_1859_to_A2300_2359,58.49,62.75,0.0,57.69,0.0,65.38,0.0
NNG,A0000_1259_to_A0500_0559,0.0,0.0,0.0,0.0,0.0,0.0,0.0
NNG,A0600_0659_to_A1100_1159,0.0,0.0,0.0,0.0,0.0,0.0,0.0
NNG,A1200_1259_to_A1700_1759,32.08,61.54,53.85,40.38,63.46,35.24,53.85
NNG,A1800_1859_to_A2300_2359,0.0,0.0,0.0,0.0,0.0,0.0,0.0
NNT,A0000_1259_to_A0500_0559,0.0,0.0,0.0,0.0,0.0,0.0,0.0
NNT,A0600_0659_to_A1100_1159,11.32,18.27,9.62,24.04,20.0,15.38,12.38
NNT,A1200_1259_to_A1700_1759,36.79,43.27,42.31,44.23,45.71,45.19,40.0
NNT,A1800_1859_to_A2300_2359,0.0,0.0,0.0,0.0,0.0,0.0,0.95
NRT,A0000_1259_to_A0500_0559,0.0,0.0,0.0,0.0,0.0,0.0,0.0
NRT,A0600_0659_to_A1100_1159,28.15,29.85,24.43,27.21,25.19,27.07,28.03
NRT,A1200_1259_to_A1700_1759,0.74,0.0,0.0,0.0,0.0,0.0,0.0
NRT,A1800_1859_to_A2300_2359,4.44,5.97,8.4,3.68,2.29,6.77,6.82
NST,A0000_1259_to_A0500_0559,0.0,0.0,0.0,0.0,0.0,0.0,0.0
NST,A0600_0659_to_A1100_1159,6.16,8.29,8.82,11.22,8.04,5.56,7.54
NST,A1200_1259_to_A1700_1759,15.17,23.41,19.12,21.95,21.11,29.8,18.09
NST,A1800_1859_to_A2300_2359,11.85,11.71,7.84,14.63,10.05,13.13,8.04
OKA,A0000_1259_to_A0500_0559,0.0,0.0,0.0,0.0,0.0,0.0,0.0
OKA,A0600_0659_to_A1100_1159,0.0,0.0,0.0,100.0,0.0,0.0,0.0
OKA,A1200_1259_to_A1700_1759,0.0,100.0,0.0,0.0,0.0,0.0,0.0
OKA,A1800_1859_to_A2300_2359,0.0,0.0,0.0,0.0,0.0,0.0,0.0
OOL,A0000_1259_to_A0500_0559,0.0,0.0,0.0,0.0,0.0,0.0,0.0
OOL,A0600_0659_to_A1100_1159,34.78,32.48,27.78,29.1,34.4,31.11,32.26
OOL,A1200_1259_to_A1700_1759,0.0,0.0,0.0,0.0,0.0,0.0,0.0
OOL,A1800_1859_to_A2300_2359,10.87,10.19,15.87,10.45,13.6,15.56,12.9
OSR,A0000_1259_to_A0500_0559,0.0,0.0,0.0,0.0,0.0,0.0,0.0
OSR,A0600_0659_to_A1100_1159,0.0,0.0,100.0,0.0,0.0,0.0,0.0
OSR,A1200_1259_to_A1700_1759,0.0,0.0,0.0,0.0,0.0,0.0,0.0
OSR,A1800_1859_to_A2300_2359,0.0,0.0,0.0,0.0,0.0,0.0,0.0
PDG,A0000_1259_to_A0500_0559,0.0,0.0,0.0,0.0,0.0,0.0,0.0
PDG,A0600_0659_to_A1100_1159,23.36,14.42,20.95,20.19,25.0,22.86,21.15
PDG,A1200_1259_to_A1700_1759,40.19,46.15,43.81,40.38,44.23,44.76,41.35
PDG,A1800_1859_to_A2300_2359,0.0,0.0,0.0,0.0,0.0,0.0,0.0
PEK,A0000_1259_to_A0500_0559,62.26,52.38,44.23,57.69,60.58,66.35,48.54
PEK,A0600_0659_to_A1100_1159,0.0,0.95,0.0,0.0,0.0,0.0,0.0
PEK,A1200_1259_to_A1700_1759,0.0,0.0,0.0,0.0,0.0,0.0,0.0
PEK,A1800_1859_to_A2300_2359,0.0,0.0,0.0,0.0,0.0,0.0,0.0
PEN,A0000_1259_to_A0500_0559,0.06,0.0,0.0,0.0,0.0,0.0,0.06
PEN,A0600_0659_to_A1100_1159,11.47,12.24,9.11,10.76,10.46,11.27,9.11
PEN,A1200_1259_to_A1700_1759,25.39,25.76,30.19,26.77,30.37,27.15,29.58
PEN,A1800_1859_to_A2300_2359,20.95,19.88,19.0,20.24,20.3,22.18,18.34
PER,A0000_1259_to_A0500_0559,0.0,0.0,0.39,0.0,0.0,0.39,0.0
PER,A0600_0659_to_A1100_1159,14.29,11.72,15.35,17.32,15.63,16.02,12.36
PER,A1200_1259_to_A1700_1759,3.86,4.3,6.3,2.76,7.03,5.47,1.93
PER,A1800_1859_to_A2300_2359,17.76,19.53,20.87,18.5,21.48,17.97,16.99
PHE,A0000_1259_to_A0500_0559,0.0,0.0,0.0,0.0,0.0,0.0,0.0
PHE,A0600_0659_to_A1100_1159,0.0,0.0,0.0,0.0,0.0,100.0,0.0
PHE,A1200_1259_to_A1700_1759,0.0,0.0,0.0,0.0,0.0,0.0,0.0
PHE,A1800_1859_to_A2300_2359,0.0,0.0,0.0,0.0,0.0,0.0,0.0
PHS,A0000_1259_to_A0500_0559,0.0,0.0,0.0,0.0,0.0,0.0,0.0
PHS,A0600_0659_to_A1100_1159,6.72,18.8,14.53,21.37,16.95,16.95,11.86
PHS,A1200_1259_to_A1700_1759,0.0,0.85,2.56,0.85,0.85,0.85,0.85
PHS,A1800_1859_to_A2300_2359,22.69,25.64,22.22,29.06,23.73,32.2,19.49
PKU,A0000_1259_to_A0500_0559,0.0,0.0,0.0,0.0,0.0,0.0,0.0
PKU,A0600_0659_to_A1100_1159,38.55,43.21,25.41,40.0,27.27,37.04,20.49
PKU,A1200_1259_to_A1700_1759,0.0,0.0,31.15,0.0,33.06,0.0,27.05
PKU,A1800_1859_to_A2300_2359,26.51,27.16,17.21,32.5,17.36,29.63,12.3
PLM,A0000_1259_to_A0500_0559,0.0,0.0,0.0,0.0,0.0,0.0,0.0
PLM,A0600_0659_to_A1100_1159,56.6,45.19,44.9,47.06,52.53,57.28,43.43
PLM,A1200_1259_to_A1700_1759,9.43,9.62,10.2,10.78,10.1,10.68,10.1
PLM,A1800_1859_to_A2300_2359,0.0,0.0,0.0,0.0,0.0,0.0,0.0
PNH,A0000_1259_to_A0500_0559,0.0,0.0,0.0,0.0,0.0,0.0,0.0
PNH,A0600_0659_to_A1100_1159,8.05,9.41,8.4,7.87,10.76,10.77,11.46
PNH,A1200_1259_to_A1700_1759,18.77,23.53,25.6,25.59,21.51,23.85,22.13
PNH,A1800_1859_to_A2300_2359,0.38,3.92,2.8,3.54,2.39,1.92,1.19
PNK,A0000_1259_to_A0500_0559,0.0,0.0,0.0,0.0,0.0,0.0,0.0
PNK,A0600_0659_to_A1100_1159,9.88,7.23,6.45,9.76,4.76,4.88,3.17
PNK,A1200_1259_to_A1700_1759,48.15,22.89,6.45,50.0,4.76,54.88,1.59
PNK,A1800_1859_to_A2300_2359,0.0,30.12,35.48,0.0,41.27,0.0,36.51
PNQ,A0000_1259_to_A0500_0559,5.77,5.0,1.2,4.76,0.64,2.81,7.69
PNQ,A0600_0659_to_A1100_1159,0.0,0.0,0.0,0.0,0.0,0.0,0.0
PNQ,A1200_1259_to_A1700_1759,21.15,31.11,21.69,34.52,29.49,25.28,40.83
PNQ,A1800_1859_to_A2300_2359,15.87,23.89,18.67,31.55,24.36,23.6,24.85
PPS,A0000_1259_to_A0500_0559,0.0,0.0,0.0,0.0,0.0,0.0,0.0
PPS,A0600_0659_to_A1100_1159,24.84,31.76,31.89,28.38,29.01,27.99,30.06
PPS,A1200_1259_to_A1700_1759,15.48,15.2,15.79,15.88,13.27,16.38,14.72
PPS,A1800_1859_to_A2300_2359,14.84,15.88,14.55,16.55,10.19,19.11,12.58
PUS,A0000_1259_to_A0500_0559,0.0,0.0,0.0,0.0,0.0,0.0,0.0
PUS,A0600_0659_to_A1100_1159,20.0,35.19,0.0,14.42,8.0,36.54,1.85
PUS,A1200_1259_to_A1700_1759,0.0,5.56,0.0,0.0,1.33,1.92,0.0
PUS,A1800_1859_to_A2300_2359,9.52,0.0,0.0,13.46,9.33,0.0,24.07
PVG,A0000_1259_to_A0500_0559,32.5,16.67,26.52,27.14,20.0,29.31,23.38
PVG,A0600_0659_to_A1100_1159,22.0,34.85,33.04,32.86,41.03,36.21,31.82
PVG,A1200_1259_to_A1700_1759,0.5,0.51,0.0,0.0,0.0,0.0,0.65
PVG,A1800_1859_to_A2300_2359,0.0,0.51,0.0,0.0,0.0,0.0,0.0
REP,A0000_1259_to_A0500_0559,0.0,0.0,0.0,0.0,0.0,0.0,0.0
REP,A0600_0659_to_A1100_1159,8.55,7.05,10.11,8.75,9.06,11.54,6.77
REP,A1200_1259_to_A1700_1759,10.53,12.42,14.08,14.14,17.74,16.78,11.28
REP,A1800_1859_to_A2300_2359,2.63,2.35,2.89,3.7,2.26,3.5,3.38
RGN,A0000_1259_to_A0500_0559,0.0,0.0,0.0,0.0,0.0,0.0,0.0
RGN,A0600_0659_to_A1100_1159,17.75,22.88,25.76,23.97,26.14,23.13,18.25
RGN,A1200_1259_to_A1700_1759,18.48,20.3,23.86,23.97,19.7,21.64,21.67
RGN,A1800_1859_to_A2300_2359,18.48,19.56,17.05,17.6,17.05,20.9,16.73
ROI,A0000_1259_to_A0500_0559,0.0,0.0,0.0,0.0,0.0,0.0,0.0
ROI,A0600_0659_to_A1100_1159,19.31,21.13,23.94,18.18,20.28,17.14,17.86
ROI,A1200_1259_to_A1700_1759,2.76,5.63,5.63,4.9,2.8,4.29,2.86
ROI,A1800_1859_to_A2300_2359,13.79,14.79,21.13,20.98,16.78,19.29,15.71
SBW,A0000_1259_to_A0500_0559,0.0,0.0,0.0,0.0,0.0,0.0,0.0
SBW,A0600_0659_to_A1100_1159,12.66,13.88,15.43,11.86,15.46,15.6,18.09
SBW,A1200_1259_to_A1700_1759,21.16,22.24,19.84,20.04,19.08,20.4,17.69
SBW,A1800_1859_to_A2300_2359,14.73,18.16,19.04,17.59,18.07,20.8,16.7
SDK,A0000_1259_to_A0500_0559,0.0,0.0,0.0,0.33,0.0,0.0,0.0
SDK,A0600_0659_to_A1100_1159,15.0,11.58,23.18,14.9,24.88,14.33,17.87
SDK,A1200_1259_to_A1700_1759,21.25,19.61,27.73,20.53,31.1,20.06,31.4
SDK,A1800_1859_to_A2300_2359,34.38,33.44,13.64,35.1,14.83,37.9,14.49
SGN,A0000_1259_to_A0500_0559,2.35,1.13,2.52,0.93,1.57,3.31,0.59
SGN,A0600_0659_to_A1100_1159,21.16,21.95,24.47,22.95,24.36,23.76,24.71
SGN,A1200_1259_to_A1700_1759,30.2,32.83,28.93,32.28,26.72,31.12,28.63
SGN,A1800_1859_to_A2300_2359,17.0,19.14,18.83,19.59,20.43,19.89,18.04
SHE,A0000_1259_to_A0500_0559,0.0,0.0,0.0,0.0,0.0,0.0,0.0
SHE,A0600_0659_to_A1100_1159,0.0,0.0,0.0,0.0,0.0,0.0,0.0
SHE,A1200_1259_to_A1700_1759,0.0,0.0,50.0,0.0,100.0,0.0,0.0
SHE,A1800_1859_to_A2300_2359,0.0,0.0,0.0,0.0,0.0,0.0,0.0
SIN,A0000_1259_to_A0500_0559,0.05,0.0,0.0,0.0,0.0,0.05,0.0
SIN,A0600_0659_to_A1100_1159,15.04,20.08,21.14,19.83,21.11,20.4,19.83
SIN,A1200_1259_to_A1700_1759,28.21,29.74,29.05,28.87,28.97,29.89,29.11
SIN,A1800_1859_to_A2300_2359,23.83,19.67,20.0,20.97,21.48,24.54,17.93
SNO,A0000_1259_to_A0500_0559,0.0,0.0,0.0,0.0,0.0,0.0,0.0
SNO,A0600_0659_to_A1100_1159,48.08,70.59,64.15,67.31,55.77,69.23,62.75
SNO,A1200_1259_to_A1700_1759,0.0,0.0,0.0,0.0,0.0,0.0,0.0
SNO,A1800_1859_to_A2300_2359,0.0,0.0,0.0,0.0,0.0,0.0,0.0
SOC,A0000_1259_to_A0500_0559,0.0,0.0,0.0,0.0,0.0,0.0,0.0
SOC,A0600_0659_to_A1100_1159,13.21,0.0,0.0,15.38,0.0,19.23,0.0
SOC,A1200_1259_to_A1700_1759,15.09,65.71,71.76,48.08,72.41,42.31,64.37
SOC,A1800_1859_to_A2300_2359,0.0,0.0,0.0,0.0,0.0,0.0,0.0
SRG,A0000_1259_to_A0500_0559,0.0,0.0,0.0,0.0,0.0,0.0,0.0
SRG,A0600_0659_to_A1100_1159,32.08,36.54,75.76,32.69,75.76,39.05,63.64
SRG,A1200_1259_to_A1700_1759,46.23,40.38,3.03,43.27,3.03,45.71,0.0
SRG,A1800_1859_to_A2300_2359,0.0,0.0,0.0,0.0,0.0,0.0,0.0
SUB,A0000_1259_to_A0500_0559,10.77,4.39,6.24,5.81,7.95,4.2,4.68
SUB,A0600_0659_to_A1100_1159,21.01,26.87,27.29,24.5,25.58,25.96,25.54
SUB,A1200_1259_to_A1700_1759,13.64,16.64,8.58,16.52,9.5,16.45,7.41
SUB,A1800_1859_to_A2300_2359,11.85,12.07,13.26,14.34,12.79,13.35,14.23
SWA,A0000_1259_to_A0500_0559,0.0,0.0,0.0,0.0,0.0,0.0,0.0
SWA,A0600_0659_to_A1100_1159,0.0,1.9,2.74,0.96,1.37,1.92,0.0
SWA,A1200_1259_to_A1700_1759,24.04,32.38,41.1,40.38,30.14,25.0,24.66
SWA,A1800_1859_to_A2300_2359,0.0,0.0,0.0,0.0,0.0,0.0,0.0
SXR,A0000_1259_to_A0500_0559,0.0,0.0,0.0,0.0,0.0,0.0,0.0
SXR,A0600_0659_to_A1100_1159,40.43,54.35,47.73,40.91,58.14,43.18,44.44
SXR,A1200_1259_to_A1700_1759,0.0,0.0,0.0,0.0,0.0,0.0,0.0
SXR,A1800_1859_to_A2300_2359,0.0,0.0,0.0,0.0,0.0,0.0,0.0
SYD,A0000_1259_to_A0500_0559,0.0,0.0,0.0,0.0,0.0,0.0,0.0
SYD,A0600_0659_to_A1100_1159,35.85,37.0,29.17,34.65,35.35,31.73,30.48
SYD,A1200_1259_to_A1700_1759,3.77,3.0,5.21,3.96,4.04,4.81,3.81
SYD,A1800_1859_to_A2300_2359,22.64,17.0,16.67,15.84,22.22,25.0,20.0
SZB,A0000_1259_to_A0500_0559,26.32,0.0,0.0,13.64,14.29,16.67,9.09
SZB,A0600_0659_to_A1100_1159,15.79,10.53,0.0,22.73,14.29,41.67,9.09
SZB,A1200_1259_to_A1700_1759,5.26,21.05,13.33,13.64,9.52,16.67,0.0
SZB,A1800_1859_to_A2300_2359,15.79,10.53,6.67,4.55,0.0,0.0,18.18
SZX,A0000_1259_to_A0500_0559,8.24,10.68,8.81,11.74,9.58,13.17,8.3
SZX,A0600_0659_to_A1100_1159,11.99,10.32,11.88,11.39,13.41,11.74,13.21
SZX,A1200_1259_to_A1700_1759,6.37,6.05,4.21,5.69,9.58,7.83,6.79
SZX,A1800_1859_to_A2300_2359,20.22,23.84,25.29,21.35,21.07,24.91,22.26
TAC,A0000_1259_to_A0500_0559,0.0,0.0,0.0,0.0,0.0,0.0,0.62
TAC,A0600_0659_to_A1100_1159,9.88,9.7,7.23,6.55,7.78,7.93,8.7
TAC,A1200_1259_to_A1700_1759,26.74,26.67,33.73,30.95,28.74,30.49,29.19
TAC,A1800_1859_to_A2300_2359,21.51,18.18,20.48,23.21,20.36,23.78,21.74
TAG,A0000_1259_to_A0500_0559,0.0,0.0,0.0,0.0,0.0,0.0,0.0
TAG,A0600_0659_to_A1100_1159,3.09,3.77,6.96,5.63,9.38,6.88,6.33
TAG,A1200_1259_to_A1700_1759,18.52,17.61,16.46,27.5,18.75,22.5,14.56
TAG,A1800_1859_to_A2300_2359,0.0,0.0,0.0,0.0,0.0,0.0,0.0
TGG,A0000_1259_to_A0500_0559,0.0,0.0,0.0,0.0,0.0,0.0,0.0
TGG,A0600_0659_to_A1100_1159,12.99,12.22,11.6,11.71,10.94,9.46,11.86
TGG,A1200_1259_to_A1700_1759,24.24,24.89,28.4,25.68,25.0,25.68,23.32
TGG,A1800_1859_to_A2300_2359,21.21,17.65,20.0,19.82,16.8,21.62,15.42
TLS,A0000_1259_to_A0500_0559,0.0,0.0,0.0,0.0,0.0,0.0,0.0
TLS,A0600_0659_to_A1100_1159,0.0,0.0,0.0,0.0,0.0,0.0,16.67
TLS,A1200_1259_to_A1700_1759,0.0,0.0,0.0,33.33,25.0,25.0,16.67
TLS,A1800_1859_to_A2300_2359,0.0,0.0,0.0,0.0,0.0,0.0,0.0
TPE,A0000_1259_to_A0500_0559,17.51,14.47,17.55,15.63,17.28,19.11,16.18
TPE,A0600_0659_to_A1100_1159,9.73,11.91,17.96,9.38,12.87,11.79,17.01
TPE,A1200_1259_to_A1700_1759,16.73,15.32,8.16,10.27,14.71,16.67,9.96
TPE,A1800_1859_to_A2300_2359,11.28,10.21,11.43,15.63,12.13,15.85,13.69
TRZ,A0000_1259_to_A0500_0559,19.49,20.1,18.63,14.87,16.19,20.83,16.02
TRZ,A0600_0659_to_A1100_1159,15.9,11.76,11.76,11.28,10.95,14.06,10.19
TRZ,A1200_1259_to_A1700_1759,19.49,19.61,18.14,22.05,21.9,25.52,17.96
TRZ,A1800_1859_to_A2300_2359,5.13,8.33,4.41,5.64,5.71,6.77,5.83
TSN,A0000_1259_to_A0500_0559,0.0,0.0,0.0,0.0,0.0,0.0,0.0
TSN,A0600_0659_to_A1100_1159,0.0,0.0,0.0,0.0,0.0,0.0,0.0
TSN,A1200_1259_to_A1700_1759,0.0,0.0,0.0,0.0,0.0,0.0,0.0
TSN,A1800_1859_to_A2300_2359,0.0,0.0,50.0,0.0,0.0,0.0,0.0
TST,A0000_1259_to_A0500_0559,0.0,0.0,0.0,0.0,0.0,0.0,0.0
TST,A0600_0659_to_A1100_1159,15.95,18.13,15.0,16.88,16.88,19.25,11.88
TST,A1200_1259_to_A1700_1759,23.31,23.75,20.63,22.5,25.0,23.6,17.5
TST,A1800_1859_to_A2300_2359,22.7,18.75,26.25,16.25,23.13,22.98,16.88
TWU,A0000_1259_to_A0500_0559,0.0,0.0,0.0,0.0,0.0,0.0,0.25
TWU,A0600_0659_to_A1100_1159,13.08,14.0,15.56,15.47,17.42,13.48,15.7
TWU,A1200_1259_to_A1700_1759,31.04,32.51,31.12,33.18,33.59,31.91,35.44
TWU,A1800_1859_to_A2300_2359,19.73,18.06,20.15,19.73,21.21,20.9,18.73
UBP,A0000_1259_to_A0500_0559,0.0,0.0,0.0,0.0,0.0,0.0,0.0
UBP,A0600_0659_to_A1100_1159,21.39,23.98,19.88,24.71,25.15,24.56,20.93
UBP,A1200_1259_to_A1700_1759,4.05,2.92,1.75,3.53,2.92,6.43,4.07
UBP,A1800_1859_to_A2300_2359,13.87,11.11,11.7,18.24,12.87,16.37,11.05
UPG,A0000_1259_to_A0500_0559,0.0,0.0,0.0,0.0,0.0,0.0,0.0
UPG,A0600_0659_to_A1100_1159,60.38,17.31,0.0,25.0,0.0,17.31,0.0
UPG,A1200_1259_to_A1700_1759,0.0,55.77,0.0,38.46,0.0,40.38,0.0
UPG,A1800_1859_to_A2300_2359,0.0,3.85,0.0,0.0,0.0,0.0,0.0
URC,A0000_1259_to_A0500_0559,0.0,0.0,0.0,0.0,0.0,0.0,0.0
URC,A0600_0659_to_A1100_1159,0.0,0.0,0.0,0.0,0.0,0.0,0.0
URC,A1200_1259_to_A1700_1759,100.0,100.0,50.0,100.0,83.33,100.0,100.0
URC,A1800_1859_to_A2300_2359,0.0,0.0,0.0,0.0,0.0,0.0,0.0
URT,A0000_1259_to_A0500_0559,0.0,0.0,0.0,0.0,0.25,0.0,0.0
URT,A0600_0659_to_A1100_1159,10.43,16.34,16.0,15.08,16.25,15.49,13.25
URT,A1200_1259_to_A1700_1759,23.04,25.39,24.75,30.6,25.75,30.53,20.75
URT,A1800_1859_to_A2300_2359,6.96,7.73,5.75,7.32,8.75,8.63,5.25
UTH,A0000_1259_to_A0500_0559,0.0,0.0,0.0,0.0,0.0,0.0,0.0
UTH,A0600_0659_to_A1100_1159,5.17,10.91,10.0,10.62,10.0,10.2,8.53
UTH,A1200_1259_to_A1700_1759,9.77,15.93,14.41,15.04,15.59,14.29,11.76
UTH,A1800_1859_to_A2300_2359,23.85,23.89,28.53,25.96,24.41,24.2,20.59
UTP,A0000_1259_to_A0500_0559,0.0,0.0,0.0,0.0,0.0,0.0,0.0
UTP,A0600_0659_to_A1100_1159,6.24,9.02,9.42,7.2,8.71,5.94,6.94
UTP,A1200_1259_to_A1700_1759,10.6,8.82,1.57,13.35,3.79,15.07,3.58
UTP,A1800_1859_to_A2300_2359,3.12,10.22,13.45,4.87,13.62,3.82,12.3
VNS,A0000_1259_to_A0500_0559,0.0,0.0,0.0,0.0,0.0,0.0,0.0
VNS,A0600_0659_to_A1100_1159,0.0,0.0,0.0,0.0,0.0,0.0,0.0
VNS,A1200_1259_to_A1700_1759,0.0,66.67,0.0,0.0,0.0,0.0,0.0
VNS,A1800_1859_to_A2300_2359,0.0,0.0,0.0,0.0,0.0,0.0,0.0
VTE,A0000_1259_to_A0500_0559,0.0,0.0,0.0,0.0,0.0,0.0,0.0
VTE,A0600_0659_to_A1100_1159,0.0,0.0,33.65,0.0,30.77,3.7,32.69
VTE,A1200_1259_to_A1700_1759,22.22,25.0,13.46,28.85,7.69,22.22,11.54
VTE,A1800_1859_to_A2300_2359,1.85,0.0,0.0,0.0,0.0,0.0,0.0
VTZ,A0000_1259_to_A0500_0559,0.0,0.0,0.0,0.0,0.65,0.0,0.0
VTZ,A0600_0659_to_A1100_1159,7.55,14.71,10.0,15.53,7.84,10.68,9.62
VTZ,A1200_1259_to_A1700_1759,0.0,0.0,0.0,0.0,0.0,0.0,0.0
VTZ,A1800_1859_to_A2300_2359,25.16,12.75,27.33,17.48,28.1,7.77,10.58
WUH,A0000_1259_to_A0500_0559,25.62,27.27,13.03,29.88,25.94,28.63,19.92
WUH,A0600_0659_to_A1100_1159,0.0,0.0,0.0,0.0,0.0,0.0,0.0
WUH,A1200_1259_to_A1700_1759,14.46,14.88,15.97,15.77,18.41,17.43,16.6
WUH,A1800_1859_to_A2300_2359,23.97,24.38,35.71,29.46,25.52,29.46,24.07
XFW,A0000_1259_to_A0500_0559,0.0,0.0,0.0,0.0,0.0,0.0,0.0
XFW,A0600_0659_to_A1100_1159,0.0,0.0,0.0,0.0,0.0,0.0,0.0
XFW,A1200_1259_to_A1700_1759,0.0,0.0,0.0,100.0,0.0,100.0,100.0
XFW,A1800_1859_to_A2300_2359,0.0,0.0,0.0,0.0,0.0,0.0,0.0
XIY,A0000_1259_to_A0500_0559,5.08,42.31,3.51,42.86,7.02,43.27,43.27
XIY,A0600_0659_to_A1100_1159,0.0,0.0,0.0,0.0,0.0,0.0,0.0
XIY,A1200_1259_to_A1700_1759,1.69,3.85,7.02,1.9,1.75,2.88,2.88
XIY,A1800_1859_to_A2300_2359,11.86,3.85,8.77,6.67,12.28,7.69,3.85
XNN,A0000_1259_to_A0500_0559,0.0,0.0,0.0,0.0,0.0,0.0,0.0
XNN,A0600_0659_to_A1100_1159,0.0,0.0,0.0,0.0,0.0,0.0,0.0
XNN,A1200_1259_to_A1700_1759,0.0,0.0,0.0,0.0,0.0,0.0,87.5
XNN,A1800_1859_to_A2300_2359,0.0,0.0,0.0,0.0,0.0,0.0,0.0
XSP,A0000_1259_to_A0500_0559,0.0,0.0,0.0,0.0,0.0,0.0,0.0
XSP,A0600_0659_to_A1100_1159,0.0,0.0,0.0,0.0,100.0,0.0,0.0
XSP,A1200_1259_to_A1700_1759,66.67,0.0,0.0,0.0,0.0,100.0,0.0
XSP,A1800_1859_to_A2300_2359,0.0,0.0,0.0,100.0,0.0,0.0,0.0
